Index,Cases
0,7
1,590
2,14
3,10
4,37
5,13
6,9
7,46
8,1
9,35
10,24
11,11
12,6
13,7
14,1
15,10
16,0
17,30
18,97
19,191
20,18
21,12
22,0
23,114
24,0
25,0
26,7
27,8
28,0
29,0
30,80
31,27
32,16
33,0
34,12844
35,6
36,2
37,14
38,16
39,7
40,44
41,42
42,11
43,5
44,143
45,17
46,0
47,8
48,77
49,38
50,3
51,5
52,10
53,10
54,483
55,29
56,7
57,8
58,8
59,7
60,11
61,11
62,32
63,12
64,2
65,6
66,96
67,24
68,0
69,8
70,5
71,0
72,0
73,16
74,12
75,681
76,21
77,20
78,10
79,6
80,12
81,40
82,11
83,47
84,12
85,16
86,1
87,7
88,104
89,3
90,10
91,0
92,35
93,10
94,10
95,3
96,10
97,46
98,11
99,8
100,3
101,10
102,3
103,3
104,6
105,0
106,3740
107,5
108,14
109,11
110,28
111,24
112,10
113,8
114,11
115,16
116,147
117,0
118,5
119,2301
120,41
121,2
122,963
123,0
124,39
125,7
126,3
127,1055
128,5
129,13
130,21
131,0
132,19
133,39
134,14
135,2
136,0
137,8
138,8
139,12
140,2
141,72
142,0
143,35
144,10
145,0
146,0
147,63
148,21
149,14
150,0
151,67
152,12
153,14
154,17
155,38
156,0
157,409
158,24
159,2
160,10
161,29
162,3
163,0
164,7
165,22
166,29
167,1
168,73
169,13
170,1
171,43
172,12
173,3
174,39
175,7
176,5
177,3
178,10
179,7
180,44
181,11
182,7
183,0
184,19
185,16
186,3
187,17
188,2
189,0
190,14
191,18
192,402
193,17
194,6
195,10
196,8
197,65
198,2
199,0
200,14
201,18
202,1
203,2
204,85
205,13
206,148
207,12
208,18
209,32
210,14
211,27
212,0
213,24
214,4
215,9
216,288
217,12
218,3
219,229
220,60
221,37
222,3
223,3399
224,33
225,26
226,15
227,6
228,12
229,0
230,868
231,10
232,10
233,54
234,56
235,0
236,7
237,88
238,9
239,23
240,2
241,5
242,12
243,52
244,10
245,6
246,10
247,8
248,4
249,11
250,9
251,6
252,903
253,20
254,20
255,9
256,15
257,5
258,8
259,7
260,13
261,5
262,369
263,0
264,15
265,3
266,30
267,22
268,300
269,4537
270,12
271,38
272,15
273,14
274,299
275,14
276,13
277,3
278,23
279,12
280,193
281,8
282,92
283,9
284,1005
285,11
286,50
287,5
288,0
289,12
290,82
291,466
292,20
293,7
294,6
295,5
296,0
297,9
298,1
299,6
300,0
301,233
302,465
303,116
304,7
305,12
306,0
307,1
308,40
309,1
310,15
311,7
312,2
313,6
314,24
315,28
316,11
317,703
318,11
319,7
320,140
321,0
322,6
323,0
324,1
325,80
326,10
327,16
328,2
329,163
330,4
331,5
332,59
333,15
334,12
335,22
336,2
337,12
338,857
339,4
340,80
341,87
342,23
343,18
344,36
345,5
346,3
347,11
348,7
349,6
350,7
351,0
352,8
353,3
354,257
355,11
356,531
357,166
358,20
359,219
360,3
361,14
362,8
363,11
364,5
365,28
366,58
367,11
368,9
369,9
370,0
371,80
372,14
373,7
374,13
375,2
376,0
377,0
378,10
379,101
380,1135
381,39
382,35
383,10
384,32
385,5
386,3
387,33
388,0
389,11
390,31
391,50
392,8
393,5702
394,34
395,0
396,24
397,3
398,7
399,18
400,0
401,43
402,122
403,10
404,22
405,15
406,11
407,27
408,2
409,12
410,179
411,11
412,3
413,5875
414,1826
415,703
416,8
417,18
418,9
419,12
420,2
421,60
422,791
423,9
424,8
425,16
426,0
427,6
428,39
429,3
430,0
431,0
432,9
433,12
434,14
435,33
436,37
437,3
438,11
439,14
440,543
441,22
442,6
443,29
444,29
445,3
446,4
447,8
448,6
449,4
450,7
451,9
452,58
453,170
454,15
455,14
456,30
457,17
458,12
459,13
460,15
461,15
462,15
463,12
464,10
465,64
466,5
467,7
468,10
469,5
470,6
471,47
472,3
473,338
474,0
475,62
476,91
477,118
478,5
479,18
480,7
481,10
482,14
483,16
484,13
485,169
486,5
487,0
488,5
489,7
490,0
491,161
492,0
493,55
494,0
495,13
496,9
497,0
498,21
499,35
500,5
501,2
502,8
503,705
504,9
505,12
506,26
507,0
508,0
509,21
510,11
511,20
512,1
513,0
514,6
515,5
516,762
517,0
518,115
519,0
520,15
521,2
522,17
523,0
524,164
525,7
526,15
527,0
528,0
529,7
530,19
531,76
532,20
533,48
534,0
535,10
536,24
537,22
538,5
539,1
540,128
541,5
542,10
543,2
544,1
545,13
546,6
547,1
548,0
549,0
550,9
551,13
552,10
553,65
554,10
555,45
556,8
557,5
558,13311
559,3
560,158
561,7
562,9
563,0
564,2
565,0
566,0
567,16
568,14
569,11
570,5
571,4
572,2
573,4
574,12
575,1
576,2801
577,7
578,24
579,10
580,5
581,0
582,851
583,16
584,11
585,6
586,6
587,54
588,25
589,8
590,0
591,10
592,24
593,5
594,17
595,576
596,3
597,31
598,21
599,9
600,8
601,1923
602,0
603,4
604,0
605,12
606,22
607,8
608,29
609,0
610,93
611,7
612,0
613,9
614,11
615,12
616,32
617,2
618,16
619,2
620,6
621,14
622,58
623,77
624,11
625,12
626,16
627,2
628,49
629,49
630,10
631,12
632,10
633,25
634,8
635,33
636,90
637,5
638,9
639,97
640,2
641,5
642,6
643,13
644,0
645,7
646,8
647,565
648,12
649,38
650,190
651,27
652,1
653,22
654,10
655,17
656,37
657,56
658,34
659,5
660,3
661,22
662,7
663,44
664,10
665,7
666,119
667,15
668,5
669,14
670,8
671,15
672,0
673,86
674,5
675,10
676,0
677,1
678,2
679,64
680,3
681,3
682,11
683,0
684,11
685,47
686,32
687,19
688,14
689,15
690,11
691,14
692,400
693,5
694,17
695,14
696,5
697,337
698,12
699,12
700,1
701,8
702,121
703,0
704,15
705,10
706,29
707,7
708,73
709,19
710,12
711,2
712,0
713,81
714,12
715,64
716,207
717,13
718,33
719,11
720,9
721,12
722,11
723,0
724,1
725,7
726,2
727,25
728,12
729,0
730,25
731,1737
732,103
733,63
734,10
735,10
736,1885
737,0
738,5
739,0
740,0
741,9
742,471
743,7
744,6
745,0
746,16
747,1713
748,27
749,0
750,2
751,6
752,4
753,4
754,9
755,13
756,24
757,10
758,10
759,2495
760,10
761,14
762,0
763,38
764,207
765,23
766,215
767,1
768,6
769,7
770,0
771,5
772,90
773,10
774,24
775,704
776,7
777,0
778,22
779,0
780,27
781,38
782,0
783,13
784,0
785,21
786,1
787,20
788,10
789,22
790,10
791,38
792,3
793,85
794,15
795,16
796,6
797,11
798,5
799,15
800,13
801,31
802,63
803,1071
804,9
805,8
806,267
807,11
808,0
809,1
810,10
811,11
812,0
813,1
814,224
815,8
816,4
817,2015
818,27
819,1069
820,65
821,4
822,12
823,21
824,1153
825,9
826,7
827,15
828,5
829,0
830,1
831,662
832,15
833,3
834,11
835,6
836,17
837,3
838,10
839,17
840,5
841,11
842,9
843,11
844,45
845,10
846,2
847,60
848,10
849,12
850,16
851,8
852,0
853,5
854,8
855,1
856,85
857,46
858,410
859,20
860,6
861,12
862,42
863,0
864,61
865,6
866,8
867,135
868,38
869,0
870,271
871,12792
872,14
873,5
874,1
875,29
876,7
877,1
878,1
879,2
880,6
881,11
882,2
883,5
884,11
885,14
886,12
887,4
888,8
889,4
890,3
891,0
892,3
893,4
894,17
895,2
896,176
897,15
898,5
899,10
900,12
901,3
902,13
903,16
904,11
905,11
906,6
907,25
908,22
909,8
910,1
911,18
912,12
913,11
914,28
915,5
916,0
917,198
918,0
919,10
920,2
921,5
922,17
923,7
924,2
925,20
926,10
927,14
928,12
929,3
930,262
931,0
932,6
933,74
934,10
935,0
936,9
937,7069
938,0
939,26
940,47
941,96
942,9
943,12
944,5
945,17
946,1
947,6
948,22
949,0
950,18
951,117
952,2
953,11
954,7269
955,7
956,5
957,4297
958,33
959,9
960,9
961,3
962,0
963,133
964,11
965,5477
966,103
967,2
968,2
969,37
970,2
971,4
972,19
973,89
974,4
975,33
976,16
977,12
978,53
979,12
980,9
981,6
982,6
983,6
984,0
985,13
986,38
987,23
988,31
989,0
990,3
991,77
992,6
993,8
994,93
995,64
996,24
997,5
998,2
999,6
1000,0
1001,64
1002,3
1003,0
1004,6
1005,8
1006,18
1007,15
1008,22
1009,25
1010,22
1011,0
1012,87
1013,9
1014,0
1015,2
1016,18
1017,0
1018,4
1019,25
1020,208
1021,4
1022,64
1023,0
1024,250
1025,38
1026,2
1027,11
1028,2
1029,2440
1030,5581
1031,102
1032,7
1033,39
1034,8
1035,11
1036,0
1037,28
1038,11
1039,45
1040,30
1041,5
1042,19
1043,54
1044,0
1045,0
1046,5552
1047,36
1048,3
1049,0
1050,6
1051,26
1052,61
1053,14
1054,0
1055,18
1056,442
1057,907
1058,337
1059,81
1060,33
1061,21
1062,16
1063,6
1064,9
1065,9
1066,1848
1067,4
1068,3
1069,0
1070,6
1071,0
1072,24
1073,0
1074,25
1075,1104
1076,1
1077,32
1078,15
1079,21
1080,4
1081,10
1082,0
1083,14
1084,36
1085,0
1086,23
1087,19
1088,0
1089,15
1090,6
1091,24
1092,16
1093,95
1094,27
1095,5
1096,0
1097,7
1098,3
1099,0
1100,18
1101,801
1102,22
1103,13496
1104,2
1105,6
1106,20
1107,0
1108,0
1109,26
1110,12
1111,7
1112,12
1113,14
1114,10
1115,31
1116,0
1117,5
1118,596
1119,3
1120,0
1121,25
1122,8
1123,0
1124,3
1125,35
1126,21
1127,3
1128,233
1129,12
1130,11
1131,17
1132,16
1133,20
1134,0
1135,56
1136,25
1137,7
1138,93
1139,18
1140,30
1141,11
1142,0
1143,122
1144,2
1145,50
1146,4
1147,956
1148,15
1149,48
1150,53
1151,10
1152,28
1153,7
1154,16
1155,7
1156,35
1157,29
1158,0
1159,7
1160,1371
1161,13
1162,19
1163,2
1164,15
1165,9
1166,2
1167,2
1168,0
1169,12
1170,12
1171,6
1172,24
1173,417
1174,38
1175,0
1176,5
1177,1595
1178,5
1179,1594
1180,22
1181,13
1182,12
1183,129
1184,5793
1185,21
1186,5
1187,23
1188,3
1189,20
1190,8
1191,6
1192,3
1193,15
1194,54
1195,12
1196,17
1197,19
1198,0
1199,0
1200,18
1201,20
1202,15
1203,8
1204,0
1205,28
1206,18
1207,55
1208,12
1209,8
1210,9
1211,1
1212,33
1213,18
1214,12
1215,4
1216,2
1217,16
1218,9
1219,2
1220,6
1221,14
1222,4
1223,0
1224,119
1225,9
1226,82
1227,21
1228,0
1229,52
1230,11
1231,6
1232,5
1233,8
1234,4
1235,10
1236,0
1237,17
1238,0
1239,0
1240,0
1241,13
1242,15
1243,536
1244,18
1245,14
1246,7
1247,2007
1248,25
1249,16
1250,8
1251,8
1252,24
1253,32
1254,11
1255,4570
1256,12
1257,12
1258,9
1259,21
1260,117
1261,6
1262,4543
1263,29
1264,49
1265,4
1266,762
1267,46
1268,5
1269,2
1270,32
1271,494
1272,10
1273,6
1274,1018
1275,6
1276,36
1277,164
1278,6
1279,23
1280,524
1281,94
1282,28
1283,29
1284,10
1285,40
1286,0
1287,66
1288,4
1289,0
1290,0
1291,64
1292,9
1293,14
1294,0
1295,19
1296,145
1297,10
1298,6
1299,12
1300,6727
1301,37
1302,8
1303,11
1304,0
1305,28
1306,21
1307,37
1308,12
1309,13
1310,0
1311,0
1312,77
1313,0
1314,0
1315,4
1316,8
1317,0
1318,8
1319,18
1320,18
1321,32
1322,10
1323,3
1324,43
1325,10
1326,39
1327,19
1328,19
1329,0
1330,9
1331,11
1332,33
1333,60
1334,10
1335,7
1336,20
1337,2
1338,3
1339,888
1340,4
1341,17
1342,205
1343,57
1344,7
1345,106
1346,0
1347,59
1348,16
1349,4
1350,614
1351,566
1352,3
1353,2
1354,10
1355,14
1356,22
1357,1046
1358,0
1359,9
1360,10
1361,35
1362,22
1363,2
1364,0
1365,17
1366,7
1367,195
1368,15
1369,20
1370,685
1371,11
1372,6
1373,9
1374,10
1375,190
1376,6
1377,37
1378,5
1379,3
1380,10
1381,14
1382,10
1383,6
1384,64
1385,10
1386,0
1387,20
1388,7305
1389,3260
1390,6
1391,46
1392,10394
1393,11
1394,20
1395,21
1396,10
1397,19
1398,11
1399,17
1400,25
1401,14
1402,15
1403,2
1404,18
1405,13
1406,43
1407,25
1408,0
1409,0
1410,16
1411,1090
1412,17
1413,12
1414,0
1415,25
1416,33
1417,8
1418,1
1419,28
1420,111
1421,21
1422,33
1423,0
1424,28
1425,2
1426,38
1427,64
1428,18
1429,6
1430,5
1431,108
1432,0
1433,32
1434,2
1435,37
1436,5
1437,8
1438,308
1439,419
1440,32
1441,25
1442,0
1443,11
1444,14
1445,0
1446,14
1447,74
1448,21
1449,18
1450,48
1451,88
1452,26
1453,0
1454,13
1455,905
1456,12
1457,10
1458,0
1459,3450
1460,6
1461,126
1462,2
1463,1538
1464,30
1465,0
1466,4
1467,16
1468,5
1469,5
1470,10
1471,13
1472,78
1473,7
1474,8
1475,848
1476,5
1477,5
1478,3880
1479,67
1480,15
1481,9
1482,956
1483,7
1484,30
1485,20
1486,0
1487,837
1488,3
1489,13
1490,4
1491,11
1492,129
1493,890
1494,20
1495,58
1496,4
1497,13
1498,30
1499,4
1500,2
1501,10
1502,755
1503,929
1504,408
1505,6
1506,46
1507,4
1508,37
1509,92
1510,0
1511,16
1512,10
1513,0
1514,0
1515,24
1516,128
1517,23
1518,0
1519,18
1520,319
1521,24
1522,57
1523,0
1524,16
1525,9
1526,0
1527,8
1528,77
1529,19
1530,12
1531,6
1532,16
1533,5
1534,21
1535,16
1536,0
1537,15
1538,3
1539,0
1540,7
1541,8
1542,11
1543,49
1544,36
1545,8
1546,44
1547,0
1548,6
1549,9
1550,1067
1551,53
1552,21
1553,51
1554,14
1555,8
1556,8
1557,0
1558,45
1559,14
1560,5
1561,11
1562,18
1563,8
1564,8
1565,6
1566,3
1567,0
1568,3
1569,7
1570,992
1571,13
1572,0
1573,8
1574,17
1575,19
1576,0
1577,37
1578,12
1579,110
1580,7
1581,7
1582,18
1583,22
1584,21
1585,49
1586,8
1587,2
1588,0
1589,0
1590,9
1591,8
1592,14
1593,0
1594,2
1595,12
1596,18
1597,22
1598,4
1599,1175
1600,1
1601,30
1602,14
1603,0
1604,528
1605,671
1606,33
1607,8
1608,48
1609,2
1610,3695
1611,9
1612,3
1613,7
1614,65
1615,3
1616,2
1617,15
1618,9
1619,15
1620,19
1621,30
1622,16
1623,32
1624,2
1625,54
1626,1
1627,8
1628,68
1629,6
1630,0
1631,40
1632,694
1633,0
1634,3
1635,15
1636,1108
1637,95
1638,13
1639,12
1640,17
1641,8
1642,28
1643,24
1644,12
1645,9
1646,15
1647,12
1648,23
1649,1190
1650,3
1651,30
1652,56
1653,5
1654,27
1655,7
1656,0
1657,0
1658,16
1659,20
1660,64
1661,71
1662,34
1663,15
1664,8
1665,16
1666,11
1667,47
1668,182
1669,5
1670,20
1671,0
1672,220
1673,19
1674,9
1675,5
1676,1
1677,0
1678,24
1679,14
1680,81
1681,8741
1682,0
1683,128
1684,0
1685,9
1686,1
1687,11
1688,11
1689,18
1690,4
1691,13
1692,1
1693,10
1694,7
1695,2
1696,89
1697,24
1698,9
1699,27
1700,24
1701,109
1702,14
1703,0
1704,17
1705,3
1706,13
1707,9
1708,0
1709,532
1710,327
1711,489
1712,48
1713,1
1714,22
1715,114
1716,45
1717,14
1718,6
1719,21
1720,37
1721,14
1722,11
1723,15
1724,21
1725,1
1726,23
1727,848
1728,19
1729,23
1730,4
1731,22
1732,0
1733,1
1734,525
1735,26
1736,8
1737,0
1738,9
1739,57
1740,1610
1741,11
1742,3
1743,14
1744,23
1745,1213
1746,14
1747,447
1748,9
1749,6
1750,703
1751,1707
1752,15
1753,5891
1754,0
1755,10
1756,13
1757,78
1758,79
1759,18
1760,7
1761,1
1762,13
1763,6
1764,10
1765,12
1766,14
1767,88
1768,152
1769,2
1770,0
1771,75
1772,10
1773,13
1774,73
1775,2
1776,8
1777,28
1778,4
1779,4
1780,14
1781,7
1782,40
1783,964
1784,0
1785,431
1786,7
1787,16
1788,20
1789,6
1790,10
1791,7
1792,36
1793,7
1794,73
1795,85
1796,0
1797,15
1798,0
1799,23
1800,2
1801,0
1802,5
1803,6
1804,5
1805,142
1806,91
1807,0
1808,13
1809,6
1810,0
1811,408
1812,4
1813,494
1814,13
1815,0
1816,8
1817,2
1818,20
1819,14
1820,0
1821,9
1822,0
1823,1
1824,4
1825,9
1826,0
1827,7
1828,0
1829,5
1830,3
1831,39
1832,16
1833,32
1834,15
1835,6
1836,32
1837,173
1838,32
1839,17
1840,41
1841,4
1842,62
1843,489
1844,15
1845,6
1846,9
1847,19
1848,24
1849,0
1850,11
1851,0
1852,72
1853,19
1854,43
1855,3685
1856,11
1857,6
1858,7
1859,0
1860,15
1861,997
1862,25
1863,59
1864,721
1865,7
1866,0
1867,8
1868,6
1869,1
1870,0
1871,2
1872,2
1873,193
1874,12
1875,8
1876,20
1877,2
1878,4
1879,4
1880,12
1881,3
1882,524
1883,19
1884,11
1885,3
1886,7
1887,738
1888,13
1889,507
1890,10
1891,3
1892,9
1893,8
1894,8
1895,29
1896,31
1897,2
1898,6
1899,0
1900,42
1901,33
1902,10
1903,21
1904,9
1905,1
1906,7
1907,11
1908,14
1909,16
1910,31
1911,11
1912,1
1913,3
1914,2
1915,3
1916,24
1917,18
1918,1648
1919,0
1920,8
1921,0
1922,15
1923,11
1924,0
1925,25
1926,0
1927,12
1928,5
1929,0
1930,3
1931,58
1932,2
1933,7
1934,15
1935,11
1936,57
1937,16
1938,14
1939,0
1940,10
1941,7
1942,17
1943,78
1944,8
1945,2345
1946,15
1947,4
1948,15
1949,11
1950,29
1951,0
1952,13
1953,1
1954,8
1955,38
1956,15
1957,9
1958,12
1959,84
1960,20
1961,3
1962,0
1963,11
1964,402
1965,2347
1966,0
1967,0
1968,15
1969,16
1970,89
1971,4
1972,492
1973,29
1974,0
1975,0
1976,14
1977,21
1978,14
1979,89
1980,7
1981,9
1982,14
1983,0
1984,26
1985,3
1986,0
1987,362
1988,16
1989,13
1990,6
1991,2
1992,20
1993,2
1994,1526
1995,32
1996,4
1997,12
1998,49
1999,19
2000,14
2001,31
2002,15
2003,44
2004,4
2005,39
2006,5
2007,11
2008,6156
2009,34
2010,20
2011,2092
2012,8
2013,9
2014,576
2015,35
2016,4
2017,0
2018,10
2019,7
2020,2447
2021,12
2022,20
2023,21
2024,126
2025,2
2026,62
2027,10
2028,478
2029,8
2030,17
2031,15
2032,5
2033,1
2034,9
2035,12
2036,10
2037,15
2038,45
2039,16
2040,0
2041,7
2042,3
2043,107
2044,168
2045,19
2046,1
2047,7
2048,5
2049,8
2050,11
2051,38
2052,7
2053,42
2054,37
2055,4
2056,20
2057,223
2058,8
2059,91
2060,11
2061,15
2062,0
2063,539
2064,20
2065,3
2066,20
2067,34
2068,7
2069,5573
2070,14
2071,314
2072,36
2073,10
2074,10
2075,7
2076,25
2077,97
2078,89
2079,12
2080,3
2081,90
2082,11
2083,32
2084,13
2085,62
2086,15
2087,18
2088,0
2089,29
2090,11
2091,8
2092,38
2093,1940
2094,12
2095,2
2096,11
2097,18
2098,45
2099,9
2100,12
2101,20
2102,9
2103,3
2104,13
2105,2
2106,0
2107,12
2108,11
2109,7
2110,7
2111,48
2112,45
2113,6
2114,10
2115,15
2116,6
2117,10
2118,1193
2119,16
2120,6
2121,0
2122,19
2123,11
2124,8
2125,2
2126,13
2127,5
2128,46
2129,3
2130,14
2131,8
2132,10
2133,7
2134,898
2135,48
2136,747
2137,12
2138,26
2139,494
2140,0
2141,5
2142,6
2143,8
2144,12
2145,3
2146,10
2147,0
2148,42
2149,0
2150,1
2151,12
2152,190
2153,26
2154,13
2155,92
2156,96
2157,0
2158,58
2159,332
2160,18
2161,24
2162,8
2163,12
2164,3
2165,1
2166,22
2167,8
2168,0
2169,3
2170,2
2171,6
2172,7
2173,1
2174,58
2175,3915
2176,77
2177,0
2178,0
2179,8
2180,0
2181,21
2182,6
2183,7
2184,8
2185,27
2186,6
2187,171
2188,29
2189,1
2190,12493
2191,223
2192,1360
2193,13
2194,2
2195,4
2196,12
2197,0
2198,0
2199,4
2200,10
2201,1
2202,33
2203,0
2204,60
2205,155
2206,11
2207,8
2208,9
2209,0
2210,1877
2211,5
2212,601
2213,11
2214,3
2215,0
2216,4
2217,66
2218,8
2219,16
2220,145
2221,26
2222,10
2223,6
2224,51
2225,49
2226,17
2227,0
2228,10
2229,260
2230,10
2231,6
2232,0
2233,2
2234,13
2235,4
2236,13
2237,2
2238,13
2239,8
2240,12
2241,9
2242,13258
2243,11
2244,27
2245,417
2246,451
2247,13
2248,206
2249,59
2250,801
2251,450
2252,3441
2253,3
2254,4
2255,10
2256,8
2257,23
2258,7
2259,9
2260,1
2261,495
2262,27
2263,6684
2264,7
2265,0
2266,13
2267,12
2268,0
2269,9
2270,3
2271,7
2272,6
2273,29
2274,249
2275,0
2276,22
2277,9
2278,3
2279,12
2280,7
2281,847
2282,2
2283,6
2284,13
2285,12
2286,2
2287,15
2288,14
2289,0
2290,25
2291,6
2292,38
2293,14
2294,32
2295,873
2296,10
2297,26
2298,26
2299,58
2300,830
2301,21
2302,12
2303,21
2304,10
2305,50
2306,0
2307,3
2308,15
2309,8
2310,0
2311,0
2312,7
2313,24
2314,51
2315,60
2316,32
2317,6
2318,16
2319,23
2320,31
2321,3
2322,13
2323,7
2324,2
2325,5
2326,5
2327,20
2328,3
2329,9
2330,15
2331,2
2332,10
2333,27
2334,0
2335,12
2336,723
2337,13
2338,8
2339,16
2340,8
2341,10
2342,6
2343,2
2344,0
2345,15
2346,8
2347,13
2348,21
2349,1
2350,408
2351,17
2352,0
2353,20
2354,35
2355,74
2356,0
2357,15
2358,4
2359,125
2360,4
2361,10
2362,20
2363,25
2364,9
2365,19
2366,2
2367,20
2368,7
2369,7
2370,22
2371,874
2372,3
2373,6
2374,9
2375,21
2376,5
2377,6
2378,116
2379,0
2380,2573
2381,5
2382,18
2383,515
2384,12
2385,42
2386,0
2387,15
2388,349
2389,4
2390,6
2391,38
2392,2
2393,0
2394,0
2395,15
2396,54
2397,4
2398,8
2399,11
2400,3
2401,65
2402,0
2403,0
2404,2
2405,18
2406,11
2407,8
2408,13
2409,77
2410,18
2411,6
2412,15
2413,61
2414,0
2415,2330
2416,9
2417,12
2418,5
2419,7
2420,7
2421,23
2422,8
2423,51
2424,8
2425,11
2426,0
2427,11
2428,4
2429,13
2430,10
2431,331
2432,1
2433,6
2434,16
2435,116
2436,10
2437,12
2438,5
2439,4
2440,0
2441,7
2442,2
2443,9
2444,87
2445,6
2446,8
2447,11
2448,23
2449,2
2450,6
2451,5
2452,3723
2453,94
2454,0
2455,4
2456,11
2457,21
2458,13
2459,49
2460,223
2461,4
2462,21
2463,28
2464,9
2465,21
2466,21
2467,321
2468,24
2469,4
2470,0
2471,40
2472,9
2473,14
2474,2
2475,16
2476,23
2477,8
2478,31
2479,54
2480,18
2481,654
2482,6
2483,16
2484,14
2485,3
2486,145
2487,69
2488,0
2489,18
2490,934
2491,1
2492,892
2493,14
2494,21
2495,15
2496,31
2497,13
2498,4
2499,12
2500,40
2501,0
2502,0
2503,4
2504,0
2505,0
2506,1178
2507,37
2508,5
2509,38
2510,0
2511,11
2512,15
2513,27
2514,19
2515,4
2516,15
2517,8
2518,16
2519,0
2520,10426
2521,27
2522,13
2523,4
2524,7
2525,8
2526,8
2527,7115
2528,0
2529,77
2530,4
2531,83
2532,38
2533,0
2534,4
2535,20
2536,9
2537,7
2538,5
2539,10
2540,19
2541,4
2542,9
2543,29
2544,69
2545,64
2546,31
2547,8
2548,7
2549,16
2550,365
2551,0
2552,1475
2553,31
2554,8
2555,4
2556,3
2557,12
2558,1831
2559,12
2560,111
2561,18
2562,7
2563,665
2564,13
2565,7
2566,4291
2567,75
2568,156
2569,28
2570,18
2571,56
2572,0
2573,0
2574,0
2575,117
2576,714
2577,31
2578,0
2579,5
2580,23
2581,2
2582,2
2583,12
2584,3
2585,21
2586,9
2587,1
2588,33
2589,21
2590,11
2591,48
2592,61
2593,5
2594,3
2595,8
2596,89
2597,65
2598,9
2599,38
2600,6
2601,13
2602,13
2603,0
2604,20
2605,5
2606,0
2607,392
2608,0
2609,2
2610,0
2611,7
2612,8
2613,10
2614,45
2615,10
2616,2
2617,17
2618,13
2619,10
2620,11
2621,2
2622,127
2623,17
2624,38
2625,26
2626,5
2627,0
2628,18
2629,449
2630,498
2631,2
2632,7
2633,0
2634,18
2635,5
2636,9
2637,14
2638,16
2639,363
2640,13
2641,23
2642,18
2643,226
2644,54
2645,8
2646,19
2647,6
2648,15
2649,8
2650,18
2651,92
2652,3
2653,0
2654,1
2655,8
2656,14
2657,1
2658,16
2659,24
2660,10
2661,130
2662,1
2663,1354
2664,0
2665,19
2666,9
2667,5
2668,3
2669,16
2670,5
2671,4
2672,874
2673,4
2674,30
2675,2
2676,12
2677,0
2678,8
2679,84
2680,1158
2681,2
2682,7
2683,186
2684,12
2685,8
2686,7
2687,0
2688,49
2689,6
2690,2
2691,26
2692,15
2693,14
2694,0
2695,25
2696,2
2697,9
2698,1
2699,12
2700,27
2701,8
2702,204
2703,11
2704,65
2705,42
2706,941
2707,0
2708,9
2709,2
2710,1
2711,0
2712,342
2713,6
2714,11
2715,0
2716,8
2717,18
2718,10
2719,2
2720,27
2721,28
2722,66
2723,0
2724,7
2725,6
2726,1
2727,12
2728,13
2729,16
2730,4
2731,0
2732,938
2733,3
2734,1
2735,2
2736,2
2737,43
2738,16
2739,29
2740,8
2741,0
2742,17
2743,4
2744,0
2745,22
2746,0
2747,2865
2748,10
2749,1
2750,10
2751,27
2752,26
2753,6
2754,5
2755,19
2756,11
2757,13286
2758,176
2759,34
2760,416
2761,18
2762,3
2763,7
2764,23
2765,8
2766,11
2767,48
2768,4
2769,13
2770,0
2771,676
2772,15
2773,568
2774,134
2775,11
2776,11
2777,15
2778,10
2779,0
2780,11
2781,5
2782,22
2783,4
2784,307
2785,8
2786,12
2787,3998
2788,4
2789,0
2790,6
2791,5
2792,9
2793,58
2794,23
2795,0
2796,36
2797,12
2798,2
2799,78
2800,39
2801,4
2802,55
2803,12
2804,11
2805,10
2806,649
2807,1213
2808,14
2809,100
2810,0
2811,0
2812,161
2813,10084
2814,7
2815,0
2816,0
2817,0
2818,37
2819,29
2820,6
2821,9
2822,9
2823,23
2824,18
2825,11
2826,4
2827,4
2828,94
2829,6
2830,60
2831,20
2832,6
2833,499
2834,88
2835,15
2836,528
2837,9
2838,13
2839,8
2840,12
2841,0
2842,1
2843,13
2844,19
2845,282
2846,84
2847,664
2848,61
2849,8
2850,9
2851,14
2852,0
2853,13
2854,6
2855,171
2856,13
2857,60
2858,8
2859,7
2860,32
2861,12
2862,16
2863,4
2864,21
2865,133
2866,4
2867,67
2868,14
2869,5
2870,13
2871,43
2872,8
2873,0
2874,104
2875,5
2876,13
2877,0
2878,4
2879,21
2880,4
2881,52
2882,67
2883,92
2884,0
2885,12
2886,10
2887,155
2888,89
2889,4
2890,6
2891,7
2892,5
2893,16
2894,2
2895,10
2896,52
2897,19
2898,394
2899,9
2900,144
2901,9
2902,2
2903,48
2904,8
2905,536
2906,2
2907,6
2908,4
2909,21
2910,8
2911,30
2912,8
2913,22
2914,10
2915,12
2916,232
2917,16
2918,15
2919,42
2920,18
2921,32
2922,13
2923,74
2924,9
2925,14
2926,5
2927,20
2928,12927
2929,60
2930,16
2931,132
2932,4
2933,59
2934,70
2935,4
2936,7
2937,123
2938,7
2939,63
2940,0
2941,12
2942,97
2943,3
2944,22
2945,11
2946,22
2947,7
2948,36
2949,17
2950,20
2951,63
2952,0
2953,12
2954,1
2955,23
2956,17
2957,10
2958,963
2959,18
2960,15
2961,7
2962,13
2963,657
2964,8
2965,5
2966,8
2967,381
2968,0
2969,12
2970,21
2971,4927
2972,8
2973,45
2974,0
2975,22
2976,19
2977,4
2978,8
2979,217
2980,113
2981,21
2982,12
2983,10
2984,14
2985,24
2986,21
2987,5
2988,24
2989,5
2990,41
2991,6
2992,3
2993,19
2994,7
2995,4
2996,10
2997,4
2998,318
2999,3737
3000,12
3001,32
3002,0
3003,5
3004,13
3005,5
3006,568
3007,11
3008,0
3009,11
3010,2
3011,4
3012,12
3013,12
3014,0
3015,18
3016,9
3017,11
3018,6
3019,21
3020,27
3021,619
3022,44
3023,14
3024,11
3025,37
3026,0
3027,0
3028,40
3029,6
3030,0
3031,4
3032,0
3033,11
3034,3
3035,0
3036,6
3037,225
3038,14
3039,327
3040,15
3041,6
3042,8
3043,51
3044,22
3045,5
3046,1
3047,2
3048,0
3049,11
3050,60
3051,4
3052,120
3053,1
3054,13
3055,10
3056,17
3057,0
3058,4
3059,1273
3060,7
3061,39
3062,9
3063,31
3064,16
3065,5
3066,507
3067,33
3068,10
3069,104
3070,9
3071,0
3072,21
3073,2
3074,0
3075,4
3076,102
3077,18
3078,21
3079,7
3080,660
3081,5
3082,0
3083,58
3084,0
3085,8
3086,7
3087,50
3088,29
3089,6
3090,0
3091,7
3092,22
3093,13
3094,4
3095,67
3096,0
3097,32
3098,9
3099,7
3100,28
3101,1090
3102,5
3103,9
3104,1086
3105,6
3106,16
3107,77
3108,5
3109,6
3110,2
3111,1
3112,3
3113,35
3114,24
3115,0
3116,31
3117,39
3118,384
3119,66
3120,2
3121,0
3122,5
3123,7
3124,17
3125,1
3126,39
3127,25
3128,68
3129,6
3130,905
3131,13
3132,12
3133,7
3134,9
3135,2
3136,3
3137,3360
3138,22
3139,8
3140,15
3141,7
3142,133
3143,81
3144,11
3145,373
3146,43
3147,2
3148,56
3149,42
3150,17
3151,4
3152,13
3153,0
3154,160
3155,34
3156,8
3157,0
3158,13
3159,109
3160,18
3161,41
3162,9
3163,12
3164,6
3165,90
3166,2
3167,959
3168,15
3169,5
3170,11
3171,1526
3172,9
3173,46
3174,53
3175,9
3176,89
3177,158
3178,11
3179,27
3180,0
3181,46
3182,46
3183,6
3184,1
3185,7
3186,12
3187,7
3188,1
3189,15
3190,5
3191,307
3192,12
3193,0
3194,42
3195,1961
3196,9
3197,10
3198,0
3199,9
3200,10
3201,8
3202,11
3203,13
3204,10
3205,8
3206,0
3207,0
3208,121
3209,2
3210,2
3211,1976
3212,24
3213,5
3214,14
3215,27
3216,6
3217,12
3218,9
3219,1685
3220,12
3221,13
3222,5
3223,9
3224,15
3225,0
3226,23
3227,12
3228,11
3229,25
3230,8
3231,6
3232,2
3233,10
3234,6
3235,2
3236,5
3237,17
3238,5
3239,0
3240,13
3241,30
3242,6
3243,5
3244,4
3245,15
3246,6
3247,19
3248,8
3249,0
3250,0
3251,5561
3252,8
3253,9
3254,0
3255,637
3256,9
3257,3
3258,5
3259,3
3260,17
3261,8
3262,34
3263,0
3264,6
3265,7
3266,0
3267,25
3268,413
3269,25
3270,3
3271,2308
3272,18
3273,9
3274,16
3275,25
3276,3
3277,138
3278,481
3279,15
3280,6
3281,60
3282,1
3283,0
3284,7
3285,25
3286,11
3287,2
3288,13
3289,10
3290,15
3291,6
3292,18
3293,19
3294,1
3295,21
3296,41
3297,33
3298,10
3299,11
3300,12
3301,4
3302,74
3303,26
3304,33
3305,545
3306,120
3307,7
3308,279
3309,0
3310,10
3311,10
3312,0
3313,0
3314,9
3315,9
3316,4
3317,843
3318,209
3319,5
3320,8
3321,25
3322,4
3323,32
3324,1
3325,28
3326,48
3327,8
3328,52
3329,14
3330,0
3331,7
3332,1120
3333,49
3334,69
3335,9
3336,5
3337,37
3338,0
3339,15
3340,13
3341,15
3342,10
3343,40
3344,28
3345,1
3346,0
3347,18
3348,88
3349,5
3350,11
3351,1410
3352,33
3353,25
3354,14
3355,10
3356,70
3357,1550
3358,36
3359,11
3360,627
3361,0
3362,2
3363,4
3364,4
3365,19
3366,3
3367,2
3368,12
3369,6
3370,6
3371,4
3372,3
3373,23
3374,9
3375,8
3376,0
3377,8
3378,3
3379,63
3380,23
3381,47
3382,5
3383,229
3384,6
3385,29
3386,13
3387,21
3388,388
3389,16
3390,7
3391,923
3392,0
3393,611
3394,8
3395,69
3396,4
3397,5
3398,7
3399,4
3400,2
3401,43
3402,9
3403,65
3404,12
3405,5
3406,4
3407,15
3408,17
3409,0
3410,9
3411,2
3412,30
3413,3
3414,2
3415,6
3416,0
3417,3
3418,4
3419,5
3420,3
3421,19
3422,1267
3423,9
3424,0
3425,14
3426,18
3427,3
3428,50
3429,0
3430,0
3431,10
3432,32
3433,5
3434,2
3435,24
3436,17
3437,3
3438,1
3439,319
3440,940
3441,3
3442,4
3443,0
3444,1
3445,386
3446,17
3447,38
3448,13
3449,211
3450,12
3451,1
3452,13
3453,1
3454,5
3455,6
3456,972
3457,0
3458,7
3459,1
3460,16
3461,25
3462,0
3463,10
3464,7
3465,7
3466,214
3467,12
3468,62
3469,4
3470,204
3471,10
3472,2
3473,1
3474,5
3475,1
3476,0
3477,9
3478,781
3479,3
3480,603
3481,45
3482,40
3483,53
3484,72
3485,17
3486,22
3487,11
3488,19
3489,16
3490,6
3491,11
3492,14
3493,21
3494,0
3495,12
3496,6
3497,1
3498,9
3499,0
3500,78
3501,2
3502,385
3503,7
3504,5
3505,28
3506,43
3507,3
3508,554
3509,17
3510,14
3511,94
3512,495
3513,5
3514,4
3515,4
3516,12
3517,44
3518,14
3519,15
3520,10
3521,7
3522,11
3523,10
3524,19
3525,478
3526,748
3527,28
3528,23
3529,2
3530,14
3531,20
3532,4
3533,11
3534,1
3535,22
3536,41
3537,12
3538,8
3539,58
3540,36
3541,0
3542,39
3543,33
3544,0
3545,92
3546,18
3547,0
3548,1
3549,4
3550,76
3551,0
3552,44
3553,1079
3554,8
3555,14
3556,1076
3557,7
3558,124
3559,672
3560,0
3561,21
3562,3
3563,12
3564,0
3565,10
3566,0
3567,14
3568,15
3569,10
3570,30
3571,48
3572,2
3573,5
3574,0
3575,3
3576,7
3577,60
3578,66
3579,0
3580,14
3581,35
3582,33
3583,28
3584,10
3585,16
3586,2
3587,0
3588,5
3589,6
3590,3
3591,22
3592,102
3593,6096
3594,0
3595,6
3596,46
3597,1
3598,16
3599,8
3600,21
3601,7
3602,2
3603,5
3604,0
3605,4014
3606,5
3607,57
3608,0
3609,63
3610,0
3611,12
3612,654
3613,13
3614,16
3615,1
3616,17
3617,37
3618,5
3619,5
3620,0
3621,74
3622,344
3623,16
3624,0
3625,89
3626,254
3627,1
3628,28
3629,3
3630,4
3631,32
3632,0
3633,12
3634,709
3635,9
3636,22
3637,17
3638,29
3639,57
3640,3
3641,31
3642,19
3643,4
3644,0
3645,35
3646,596
3647,1378
3648,26
3649,13
3650,8
3651,3
3652,0
3653,86
3654,9
3655,24
3656,22
3657,0
3658,4
3659,29
3660,15
3661,55
3662,11
3663,19
3664,478
3665,4
3666,0
3667,0
3668,1702
3669,0
3670,0
3671,35
3672,212
3673,14
3674,11
3675,85
3676,28
3677,14
3678,4
3679,10
3680,11
3681,182
3682,6
3683,20
3684,65
3685,26
3686,5
3687,36
3688,13
3689,0
3690,12
3691,17
3692,5339
3693,6
3694,230
3695,11
3696,26
3697,392
3698,3
3699,3
3700,8
3701,14
3702,17
3703,0
3704,0
3705,2
3706,18
3707,15
3708,19
3709,2
3710,37
3711,52
3712,13
3713,21
3714,146
3715,0
3716,11
3717,0
3718,16
3719,8
3720,0
3721,21
3722,0
3723,0
3724,93
3725,20
3726,4
3727,21
3728,8
3729,96
3730,23
3731,21
3732,0
3733,23
3734,42
3735,10
3736,12
3737,5
3738,22
3739,814
3740,2
3741,18
3742,817
3743,21
3744,4
3745,6
3746,34
3747,27
3748,96
3749,28
3750,5
3751,9
3752,38
3753,13
3754,523
3755,4
3756,7
3757,0
3758,0
3759,148
3760,21
3761,5
3762,6
3763,7
3764,7
3765,6
3766,1
3767,8
3768,7
3769,12
3770,0
3771,123
3772,53
3773,4
3774,4
3775,2
3776,11
3777,7223
3778,77
3779,2
3780,2
3781,3
3782,458
3783,33
3784,0
3785,1465
3786,9
3787,1
3788,922
3789,15
3790,4
3791,17
3792,726
3793,0
3794,7
3795,26
3796,12
3797,0
3798,0
3799,12
3800,2
3801,398
3802,10
3803,1
3804,12
3805,11
3806,12
3807,6
3808,6
3809,96
3810,9
3811,5
3812,19
3813,1
3814,0
3815,7271
3816,16
3817,43
3818,8
3819,19
3820,1605
3821,21
3822,4
3823,641
3824,7
3825,0
3826,13
3827,3
3828,2
3829,3
3830,36
3831,13
3832,15
3833,21
3834,38
3835,7
3836,885
3837,5
3838,670
3839,4
3840,2
3841,85
3842,2
3843,0
3844,7
3845,10
3846,97
3847,0
3848,13
3849,0
3850,2
3851,30
3852,0
3853,2
3854,823
3855,50
3856,42
3857,13
3858,0
3859,0
3860,9
3861,0
3862,46
3863,4688
3864,32
3865,52
3866,21
3867,12
3868,8
3869,30
3870,51
3871,0
3872,7
3873,5
3874,4
3875,0
3876,13
3877,7
3878,71
3879,14
3880,6
3881,1
3882,3
3883,26
3884,13
3885,4
3886,438
3887,12
3888,1
3889,6
3890,10
3891,6
3892,611
3893,1
3894,49
3895,3
3896,9
3897,4
3898,7
3899,7
3900,2
3901,7
3902,9
3903,5
3904,9
3905,33
3906,16
3907,9
3908,3
3909,6
3910,1
3911,4
3912,295
3913,3
3914,0
3915,10
3916,11
3917,0
3918,53
3919,2
3920,7
3921,28
3922,19
3923,2
3924,8
3925,6165
3926,7
3927,40
3928,12
3929,8
3930,5540
3931,25
3932,0
3933,5
3934,12922
3935,6
3936,11
3937,13
3938,1572
3939,9
3940,0
3941,14
3942,6
3943,18
3944,24
3945,5
3946,10
3947,32
3948,2
3949,81
3950,3
3951,41
3952,33
3953,29
3954,23
3955,13
3956,5591
3957,7
3958,9
3959,5
3960,0
3961,12
3962,5
3963,12
3964,15
3965,0
3966,29
3967,864
3968,11
3969,4
3970,22
3971,4677
3972,16
3973,33
3974,220
3975,5
3976,8
3977,2
3978,17
3979,0
3980,14
3981,12
3982,2
3983,81
3984,0
3985,8
3986,1410
3987,12
3988,12
3989,17
3990,2
3991,0
3992,292
3993,8
3994,6
3995,47
3996,7
3997,1
3998,40
3999,1
4000,13
4001,11
4002,631
4003,6
4004,20
4005,45
4006,14
4007,2
4008,10
4009,0
4010,65
4011,0
4012,7
4013,661
4014,2
4015,0
4016,14
4017,0
4018,8
4019,84
4020,126
4021,22
4022,3
4023,313
4024,18
4025,15
4026,5
4027,0
4028,12
4029,425
4030,0
4031,23
4032,8736
4033,18
4034,20
4035,3
4036,497
4037,3
4038,9
4039,97
4040,6
4041,0
4042,26
4043,5
4044,30
4045,22
4046,38
4047,855
4048,16
4049,6
4050,20
4051,8
4052,16
4053,94
4054,10
4055,0
4056,0
4057,118
4058,527
4059,3
4060,49
4061,2
4062,5
4063,12
4064,2
4065,4
4066,4
4067,0
4068,9
4069,4
4070,14
4071,20
4072,21
4073,36
4074,4
4075,1
4076,4
4077,39
4078,4
4079,7259
4080,0
4081,0
4082,47
4083,0
4084,145
4085,7
4086,3
4087,6
4088,179
4089,9
4090,77
4091,97
4092,12
4093,1012
4094,8
4095,8
4096,5
4097,12
4098,1227
4099,12
4100,14
4101,6
4102,15
4103,12
4104,32
4105,40
4106,16
4107,1
4108,13
4109,33
4110,9
4111,12
4112,5
4113,0
4114,34
4115,78
4116,2287
4117,23
4118,16
4119,23
4120,0
4121,12
4122,38
4123,1
4124,9
4125,38
4126,67
4127,526
4128,4
4129,11
4130,3
4131,9
4132,0
4133,5
4134,15
4135,3
4136,283
4137,8
4138,9
4139,22
4140,17
4141,5
4142,4
4143,6
4144,9
4145,22
4146,3
4147,609
4148,5
4149,1
4150,0
4151,4
4152,585
4153,16
4154,4
4155,212
4156,11
4157,1
4158,883
4159,11
4160,43
4161,152
4162,8
4163,53
4164,23
4165,681
4166,0
4167,1167
4168,64
4169,3
4170,29
4171,14
4172,9
4173,9
4174,82
4175,0
4176,0
4177,11
4178,18
4179,224
4180,55
4181,10
4182,16
4183,29
4184,4
4185,13
4186,842
4187,16
4188,23
4189,571
4190,4
4191,15
4192,8
4193,3
4194,32
4195,5
4196,0
4197,0
4198,7
4199,205
4200,9926
4201,9
4202,2
4203,5
4204,0
4205,5
4206,18
4207,32
4208,12
4209,0
4210,1
4211,2
4212,8787
4213,7
4214,9
4215,6
4216,2
4217,57
4218,0
4219,11
4220,150
4221,4
4222,28
4223,2
4224,9
4225,922
4226,2
4227,11
4228,42
4229,24
4230,12
4231,6
4232,3
4233,16
4234,54
4235,1741
4236,6
4237,4
4238,2
4239,0
4240,0
4241,20
4242,66
4243,11
4244,1612
4245,727
4246,6
4247,4
4248,109
4249,45
4250,15
4251,33
4252,3
4253,7
4254,22
4255,0
4256,31
4257,45
4258,31
4259,6
4260,21
4261,24
4262,13
4263,31
4264,91
4265,27
4266,4
4267,5
4268,4
4269,13
4270,0
4271,5
4272,17
4273,10
4274,5
4275,88
4276,119
4277,18
4278,0
4279,5
4280,7
4281,1
4282,1405
4283,27
4284,28
4285,1
4286,0
4287,18
4288,4
4289,3
4290,2
4291,5
4292,18
4293,8
4294,4
4295,16
4296,3
4297,31
4298,3
4299,58
4300,63
4301,1473
4302,0
4303,0
4304,9
4305,6
4306,0
4307,62
4308,17
4309,6
4310,4
4311,20
4312,10
4313,65
4314,11
4315,0
4316,15
4317,2
4318,2
4319,12
4320,303
4321,22
4322,1
4323,6
4324,7
4325,6
4326,10
4327,24
4328,10
4329,30
4330,6
4331,10
4332,9
4333,41
4334,38
4335,3
4336,27
4337,0
4338,232
4339,6
4340,15
4341,0
4342,5
4343,8
4344,17
4345,6
4346,5
4347,1005
4348,28
4349,0
4350,0
4351,13
4352,12
4353,252
4354,13
4355,77
4356,25
4357,85
4358,7336
4359,3
4360,3
4361,6
4362,186
4363,820
4364,0
4365,2205
4366,6
4367,5
4368,4
4369,2
4370,2
4371,0
4372,4
4373,1
4374,7
4375,5
4376,45
4377,8
4378,10
4379,20
4380,12
4381,0
4382,34
4383,0
4384,7
4385,39
4386,27
4387,41
4388,0
4389,13
4390,5
4391,0
4392,32
4393,382
4394,15
4395,1
4396,42
4397,25
4398,22
4399,830
4400,12
4401,16
4402,65
4403,34
4404,3
4405,29
4406,16
4407,21
4408,1527
4409,20
4410,16
4411,0
4412,127
4413,4
4414,0
4415,6
4416,3
4417,27
4418,11
4419,4
4420,5
4421,13
4422,22
4423,0
4424,0
4425,7
4426,5
4427,2
4428,12
4429,1566
4430,25
4431,6
4432,9
4433,19
4434,190
4435,22
4436,18
4437,6
4438,631
4439,16
4440,5
4441,4
4442,2539
4443,5
4444,11
4445,5
4446,11
4447,5
4448,1
4449,12
4450,81
4451,0
4452,3
4453,325
4454,31
4455,9
4456,25
4457,41
4458,288
4459,68
4460,9
4461,40
4462,4
4463,21
4464,5
4465,4
4466,5
4467,25
4468,7
4469,30
4470,7
4471,9
4472,1
4473,0
4474,17
4475,637
4476,20
4477,15
4478,6
4479,103
4480,985
4481,7
4482,29
4483,281
4484,22
4485,50
4486,58
4487,0
4488,4
4489,3
4490,33
4491,30
4492,2
4493,21
4494,12
4495,6
4496,6
4497,13
4498,0
4499,20
4500,6
4501,649
4502,32
4503,2
4504,1
4505,9
4506,0
4507,30
4508,2
4509,0
4510,33
4511,0
4512,0
4513,7
4514,178
4515,65
4516,50
4517,76
4518,2
4519,11
4520,11
4521,7
4522,12
4523,28
4524,7
4525,46
4526,8
4527,1
4528,2
4529,2
4530,51
4531,11
4532,0
4533,91
4534,18
4535,0
4536,0
4537,102
4538,22
4539,869
4540,7
4541,6
4542,21
4543,635
4544,56
4545,2
4546,64
4547,8
4548,27
4549,0
4550,11
4551,33
4552,50
4553,2
4554,0
4555,2237
4556,41
4557,2
4558,9
4559,7
4560,472
4561,21
4562,2
4563,279
4564,6
4565,46
4566,17
4567,9
4568,18
4569,101
4570,124
4571,14
4572,1
4573,0
4574,19
4575,13
4576,0
4577,7700
4578,48
4579,4
4580,3
4581,4
4582,34
4583,22
4584,17
4585,2
4586,23
4587,4
4588,13
4589,108
4590,6
4591,12
4592,2
4593,11
4594,5
4595,7
4596,87
4597,18
4598,0
4599,35
4600,6
4601,211
4602,860
4603,12
4604,0
4605,23
4606,0
4607,26
4608,5
4609,0
4610,11
4611,339
4612,0
4613,0
4614,8
4615,12
4616,6
4617,10
4618,150
4619,8
4620,87
4621,39
4622,1
4623,0
4624,43
4625,5
4626,9
4627,7
4628,0
4629,13
4630,6
4631,14
4632,2
4633,103
4634,13
4635,2
4636,6
4637,0
4638,0
4639,11
4640,2
4641,44
4642,6
4643,110
4644,24
4645,16
4646,12
4647,26
4648,20
4649,6
4650,751
4651,11
4652,8
4653,6
4654,46
4655,4
4656,3
4657,11
4658,21
4659,506
4660,71
4661,0
4662,2
4663,849
4664,12
4665,5
4666,101
4667,9
4668,0
4669,2
4670,29
4671,9
4672,28
4673,0
4674,36
4675,9
4676,6
4677,17
4678,2
4679,10
4680,11
4681,340
4682,14
4683,2
4684,52
4685,1
4686,30
4687,805
4688,545
4689,21
4690,10
4691,0
4692,0
4693,30
4694,14
4695,4
4696,1
4697,79
4698,32
4699,14
4700,4
4701,2
4702,27
4703,4
4704,13
4705,272
4706,10
4707,500
4708,6
4709,0
4710,3
4711,13
4712,0
4713,8
4714,14
4715,19
4716,4
4717,3
4718,56
4719,2
4720,9
4721,17
4722,0
4723,10
4724,976
4725,7
4726,11
4727,0
4728,0
4729,8
4730,1254
4731,0
4732,15
4733,24
4734,9
4735,0
4736,2
4737,22
4738,1
4739,2
4740,21
4741,10
4742,2
4743,7
4744,6
4745,54
4746,84
4747,144
4748,34
4749,6
4750,12
4751,56
4752,12
4753,21
4754,1
4755,44
4756,576
4757,9
4758,2
4759,17
4760,0
4761,11
4762,3
4763,0
4764,3
4765,0
4766,10
4767,210
4768,15
4769,2
4770,194
4771,7
4772,4
4773,0
4774,4
4775,1
4776,5
4777,5
4778,6
4779,9
4780,14
4781,18
4782,1079
4783,43
4784,13
4785,91
4786,27
4787,6
4788,5
4789,16
4790,15
4791,8
4792,5
4793,2
4794,0
4795,8
4796,0
4797,654
4798,13
4799,13
4800,599
4801,19
4802,13
4803,5
4804,16
4805,3
4806,5
4807,16
4808,10
4809,5
4810,16
4811,328
4812,34
4813,493
4814,7
4815,38
4816,746
4817,78
4818,38
4819,10
4820,6
4821,5
4822,7
4823,5
4824,9
4825,36
4826,8
4827,99
4828,11
4829,8
4830,27
4831,5
4832,24
4833,1
4834,2
4835,16
4836,26
4837,12
4838,5
4839,7
4840,2
4841,6
4842,2
4843,0
4844,9
4845,11
4846,11
4847,7182
4848,8
4849,13
4850,23
4851,9
4852,1
4853,16
4854,10
4855,22
4856,8
4857,41
4858,5
4859,20
4860,515
4861,30
4862,17
4863,9
4864,4
4865,3
4866,27
4867,8
4868,19
4869,5
4870,46
4871,52
4872,5795
4873,2
4874,34
4875,10
4876,7
4877,0
4878,13
4879,9
4880,12
4881,4540
4882,5600
4883,4
4884,7
4885,48
4886,98
4887,7
4888,0
4889,9
4890,135
4891,20
4892,6
4893,48
4894,41
4895,0
4896,13337
4897,0
4898,2
4899,5
4900,19
4901,11
4902,15
4903,27
4904,336
4905,409
4906,6
4907,3
4908,5
4909,33
4910,3
4911,18
4912,22
4913,18
4914,2
4915,6
4916,1744
4917,10
4918,51
4919,33
4920,5
4921,3307
4922,5
4923,1
4924,8
4925,6
4926,89
4927,40
4928,4
4929,13
4930,851
4931,6
4932,449
4933,2
4934,34
4935,30
4936,6
4937,2
4938,9
4939,30
4940,233
4941,22
4942,1
4943,2
4944,9
4945,12
4946,21
4947,88
4948,14
4949,18
4950,6
4951,16
4952,481
4953,14
4954,417
4955,8
4956,6
4957,9
4958,7
4959,10
4960,28
4961,85
4962,6
4963,14
4964,16
4965,9
4966,0
4967,102
4968,10
4969,0
4970,7
4971,7
4972,7
4973,0
4974,0
4975,6
4976,43
4977,5
4978,47
4979,3
4980,0
4981,9
4982,3
4983,10
4984,8
4985,0
4986,2
4987,3
4988,1
4989,53
4990,5
4991,7
4992,2634
4993,0
4994,28
4995,10
4996,36
4997,2
4998,95
4999,1
5000,15
5001,11
5002,9
5003,31
5004,29
5005,7
5006,23
5007,336
5008,2537
5009,23
5010,9
5011,2
5012,20
5013,20
5014,7346
5015,6
5016,5
5017,0
5018,4
5019,15
5020,7
5021,44
5022,13
5023,25
5024,1
5025,1167
5026,9
5027,3
5028,2
5029,18
5030,20
5031,5
5032,11
5033,2
5034,6
5035,0
5036,5
5037,2346
5038,11
5039,6
5040,7
5041,10
5042,283
5043,22
5044,5
5045,22
5046,19
5047,15
5048,11
5049,4
5050,11
5051,11
5052,8
5053,0
5054,0
5055,11
5056,103
5057,6
5058,9
5059,9
5060,8
5061,0
5062,94
5063,5
5064,23
5065,11
5066,0
5067,11
5068,18
5069,9
5070,10
5071,583
5072,10
5073,36
5074,87
5075,1
5076,211
5077,13
5078,26
5079,2
5080,32
5081,0
5082,0
5083,13
5084,16
5085,78
5086,0
5087,845
5088,7
5089,0
5090,36
5091,12
5092,35
5093,25
5094,8
5095,10
5096,2
5097,1
5098,3
5099,0
5100,0
5101,5
5102,3
5103,375
5104,12
5105,4
5106,4
5107,8
5108,31
5109,9
5110,103
5111,6
5112,1438
5113,9
5114,31
5115,0
5116,3
5117,17
5118,21
5119,8
5120,508
5121,674
5122,8
5123,6
5124,21
5125,3
5126,27
5127,0
5128,194
5129,12
5130,12779
5131,0
5132,4
5133,3
5134,30
5135,0
5136,432
5137,75
5138,5
5139,92
5140,3
5141,0
5142,15
5143,38
5144,297
5145,28
5146,5
5147,0
5148,24
5149,11
5150,2
5151,11
5152,40
5153,6
5154,4296
5155,4
5156,3
5157,10
5158,10
5159,23
5160,10
5161,10
5162,31
5163,6
5164,8
5165,6
5166,1660
5167,12
5168,30
5169,42
5170,19
5171,952
5172,4
5173,1
5174,0
5175,14
5176,0
5177,78
5178,2
5179,124
5180,5
5181,0
5182,5
5183,9
5184,2
5185,13
5186,65
5187,1
5188,0
5189,20
5190,321
5191,0
5192,14
5193,14
5194,17
5195,9
5196,6
5197,29
5198,2
5199,96
5200,31
5201,0
5202,5
5203,521
5204,2
5205,19
5206,12
5207,1
5208,216
5209,403
5210,2
5211,1594
5212,6
5213,10
5214,6
5215,60
5216,17
5217,0
5218,516
5219,15
5220,9
5221,47
5222,31
5223,34
5224,10
5225,36
5226,22
5227,4
5228,75
5229,7
5230,11
5231,16
5232,5
5233,0
5234,11
5235,11
5236,23
5237,0
5238,0
5239,394
5240,998
5241,6
5242,46
5243,0
5244,9
5245,18
5246,34
5247,6
5248,3
5249,2
5250,1
5251,6
5252,15
5253,0
5254,14
5255,6079
5256,2
5257,9
5258,11
5259,23
5260,6
5261,0
5262,1
5263,61
5264,0
5265,12
5266,3
5267,972
5268,515
5269,0
5270,3
5271,3
5272,4509
5273,15
5274,1
5275,10
5276,87
5277,12
5278,5
5279,8
5280,2
5281,43
5282,25
5283,5
5284,31
5285,0
5286,9
5287,20
5288,2
5289,54
5290,2
5291,6
5292,2
5293,10
5294,0
5295,6
5296,7
5297,3
5298,6
5299,9
5300,5
5301,14
5302,41
5303,29
5304,2
5305,5
5306,322
5307,69
5308,487
5309,20
5310,355
5311,7
5312,4
5313,12
5314,397
5315,89
5316,0
5317,1492
5318,13
5319,0
5320,0
5321,3
5322,43
5323,14
5324,10
5325,10
5326,4
5327,2
5328,83
5329,828
5330,12
5331,0
5332,9
5333,5
5334,0
5335,837
5336,50
5337,3
5338,1
5339,7
5340,17
5341,37
5342,30
5343,7
5344,14
5345,3355
5346,684
5347,6
5348,10
5349,0
5350,0
5351,32
5352,10
5353,0
5354,4486
5355,8
5356,387
5357,8
5358,6
5359,0
5360,0
5361,4
5362,2
5363,1
5364,5
5365,8
5366,9
5367,11
5368,17
5369,0
5370,10
5371,7
5372,2
5373,8
5374,51
5375,3
5376,4837
5377,118
5378,12
5379,11
5380,3
5381,0
5382,426
5383,12
5384,9
5385,634
5386,6
5387,1
5388,6
5389,20
5390,39
5391,9
5392,19
5393,4
5394,6
5395,28
5396,4
5397,3
5398,20
5399,2
5400,9
5401,6
5402,11
5403,0
5404,0
5405,16
5406,44
5407,102
5408,6
5409,27
5410,12
5411,13
5412,156
5413,11
5414,5
5415,9
5416,7
5417,5
5418,9
5419,155
5420,1
5421,4
5422,3
5423,11
5424,11
5425,10
5426,6
5427,1
5428,9
5429,10
5430,0
5431,4
5432,17
5433,18
5434,32
5435,841
5436,0
5437,119
5438,12
5439,5
5440,18
5441,2
5442,5
5443,33
5444,0
5445,1
5446,8
5447,7
5448,38
5449,44
5450,4
5451,685
5452,0
5453,8
5454,298
5455,9
5456,5
5457,16
5458,7
5459,3
5460,7
5461,4
5462,39
5463,46
5464,6
5465,11
5466,6
5467,2
5468,30
5469,11
5470,5
5471,223
5472,0
5473,330
5474,0
5475,21
5476,11
5477,2
5478,777
5479,6
5480,56
5481,3
5482,880
5483,6
5484,7
5485,6
5486,10
5487,19
5488,16
5489,9
5490,6
5491,0
5492,125
5493,9
5494,13
5495,10
5496,11
5497,40
5498,0
5499,7
5500,35
5501,36
5502,9
5503,14
5504,30
5505,12
5506,0
5507,10
5508,37
5509,6
5510,1
5511,310
5512,13
5513,5
5514,134
5515,27
5516,2
5517,37
5518,15
5519,29
5520,26
5521,8
5522,360
5523,0
5524,857
5525,2
5526,5
5527,17
5528,3
5529,4
5530,0
5531,17
5532,3
5533,15
5534,5
5535,1
5536,8
5537,11
5538,759
5539,145
5540,77
5541,5
5542,11
5543,9
5544,1
5545,5
5546,5
5547,20
5548,88
5549,23
5550,6
5551,2
5552,3
5553,12
5554,5
5555,10
5556,17
5557,2
5558,18
5559,30
5560,5
5561,5
5562,12
5563,29
5564,9
5565,0
5566,6
5567,7
5568,15
5569,0
5570,21
5571,86
5572,5
5573,13
5574,7268
5575,2
5576,20
5577,11
5578,70
5579,65
5580,4
5581,39
5582,9
5583,4
5584,3
5585,33
5586,44
5587,9
5588,8
5589,5
5590,20
5591,40
5592,13
5593,5
5594,5
5595,5
5596,14
5597,13
5598,4
5599,6
5600,14
5601,7
5602,44
5603,8
5604,1
5605,0
5606,5
5607,5
5608,64
5609,9
5610,0
5611,8
5612,2
5613,47
5614,44
5615,594
5616,13
5617,5
5618,868
5619,4
5620,5
5621,99
5622,30
5623,14
5624,8
5625,0
5626,11
5627,6
5628,723
5629,10
5630,22
5631,0
5632,1
5633,0
5634,133
5635,1045
5636,48
5637,13
5638,13
5639,219
5640,0
5641,5
5642,18
5643,11
5644,80
5645,38
5646,93
5647,15
5648,0
5649,54
5650,12
5651,4
5652,3
5653,1
5654,49
5655,3
5656,6
5657,1
5658,11
5659,18
5660,4
5661,0
5662,13
5663,5
5664,2
5665,0
5666,18
5667,11
5668,11
5669,52
5670,1
5671,9
5672,33
5673,0
5674,35
5675,0
5676,4
5677,16
5678,4
5679,4
5680,8
5681,12
5682,14
5683,5
5684,15
5685,5601
5686,7
5687,0
5688,9
5689,196
5690,1416
5691,17
5692,32
5693,6
5694,3
5695,370
5696,50
5697,16
5698,5
5699,13
5700,0
5701,0
5702,594
5703,2602
5704,93
5705,13
5706,0
5707,20
5708,601
5709,29
5710,38
5711,0
5712,31
5713,62
5714,0
5715,12
5716,52
5717,79
5718,5
5719,5
5720,718
5721,16
5722,5
5723,12
5724,170
5725,20
5726,12
5727,54
5728,2675
5729,4
5730,49
5731,0
5732,765
5733,4
5734,10
5735,57
5736,380
5737,3
5738,155
5739,3
5740,41
5741,0
5742,2
5743,0
5744,133
5745,15
5746,125
5747,9
5748,26
5749,34
5750,25
5751,60
5752,5
5753,39
5754,9
5755,8
5756,29
5757,604
5758,0
5759,3
5760,0
5761,10
5762,180
5763,9
5764,7
5765,8
5766,8
5767,7
5768,508
5769,4
5770,13
5771,6
5772,4
5773,0
5774,5
5775,26
5776,13
5777,10
5778,12
5779,13
5780,18
5781,0
5782,51
5783,5
5784,1275
5785,6
5786,2
5787,21
5788,8
5789,8
5790,15
5791,45
5792,43
5793,19
5794,348
5795,40
5796,11
5797,11
5798,7073
5799,5
5800,61
5801,891
5802,11
5803,9
5804,1
5805,5
5806,0
5807,4
5808,21
5809,26
5810,40
5811,0
5812,8
5813,31
5814,2
5815,883
5816,23
5817,10
5818,17
5819,2
5820,12229
5821,10117
5822,408
5823,13
5824,5
5825,8
5826,14
5827,0
5828,213
5829,1
5830,7
5831,2
5832,1
5833,17
5834,28
5835,0
5836,5
5837,5
5838,0
5839,39
5840,4
5841,30
5842,4
5843,15
5844,25
5845,17
5846,0
5847,4
5848,35
5849,0
5850,19
5851,32
5852,505
5853,7
5854,507
5855,6388
5856,0
5857,36
5858,75
5859,8
5860,6
5861,13
5862,2
5863,56
5864,4
5865,8
5866,1610
5867,44
5868,48
5869,1980
5870,6
5871,29
5872,17
5873,0
5874,23
5875,41
5876,21
5877,5684
5878,3
5879,58
5880,17
5881,14
5882,15
5883,3
5884,0
5885,15
5886,0
5887,35
5888,429
5889,63
5890,21
5891,4
5892,20
5893,415
5894,2
5895,158
5896,9
5897,1229
5898,61
5899,8
5900,7
5901,7
5902,3
5903,11
5904,0
5905,1
5906,8
5907,18
5908,0
5909,2
5910,616
5911,44
5912,1
5913,35
5914,3
5915,5
5916,10
5917,0
5918,12
5919,0
5920,10
5921,12
5922,9
5923,21
5924,4
5925,28
5926,13
5927,606
5928,0
5929,210
5930,11
5931,5
5932,9
5933,24
5934,354
5935,10
5936,0
5937,14
5938,4
5939,0
5940,11
5941,1
5942,18
5943,21
5944,3637
5945,15
5946,8
5947,658
5948,34
5949,10
5950,10
5951,92
5952,44
5953,0
5954,12
5955,507
5956,225
5957,7
5958,9
5959,11
5960,11
5961,159
5962,537
5963,12
5964,0
5965,52
5966,9
5967,980
5968,0
5969,8
5970,21
5971,5
5972,70
5973,52
5974,53
5975,0
5976,10
5977,9
5978,2
5979,16
5980,884
5981,15
5982,35
5983,9
5984,12
5985,5
5986,6725
5987,877
5988,24
5989,0
5990,5
5991,1
5992,4
5993,3
5994,0
5995,0
5996,2
5997,6
5998,138
5999,2
6000,4
6001,225
6002,36
6003,8
6004,6
6005,15
6006,230
6007,0
6008,126
6009,0
6010,42
6011,30
6012,541
6013,0
6014,46
6015,12
6016,14
6017,10
6018,5
6019,2
6020,0
6021,3
6022,5
6023,1
6024,16
6025,13
6026,34
6027,5
6028,2
6029,0
6030,10
6031,2
6032,11
6033,14
6034,0
6035,11
6036,16
6037,1
6038,0
6039,37
6040,7
6041,83
6042,2
6043,49
6044,6
6045,0
6046,61
6047,2
6048,20
6049,0
6050,5
6051,10
6052,50
6053,4
6054,11
6055,0
6056,6126
6057,0
6058,4
6059,0
6060,8
6061,10
6062,13
6063,6
6064,0
6065,3
6066,15
6067,20
6068,48
6069,9
6070,21
6071,21
6072,17
6073,6
6074,11
6075,18
6076,19
6077,0
6078,1833
6079,6
6080,61
6081,28
6082,99
6083,7
6084,24
6085,3
6086,48
6087,8
6088,0
6089,14
6090,4
6091,604
6092,4
6093,12
6094,9
6095,12
6096,8
6097,4
6098,8587
6099,56
6100,960
6101,5
6102,609
6103,8641
6104,12
6105,5
6106,7
6107,23
6108,8
6109,15
6110,6
6111,25
6112,7
6113,5
6114,28
6115,11
6116,9
6117,12
6118,4
6119,0
6120,0
6121,6
6122,5
6123,302
6124,7273
6125,0
6126,24
6127,6
6128,32
6129,3
6130,9
6131,20
6132,0
6133,8
6134,1
6135,7
6136,0
6137,5
6138,2
6139,74
6140,5
6141,35
6142,22
6143,22
6144,5
6145,29
6146,20
6147,40
6148,0
6149,11
6150,6
6151,0
6152,16
6153,13
6154,18
6155,15
6156,7
6157,71
6158,16
6159,22
6160,7
6161,7
6162,0
6163,0
6164,12
6165,29
6166,12
6167,21
6168,16
6169,11
6170,0
6171,19
6172,9
6173,1
6174,16
6175,12
6176,10
6177,2077
6178,0
6179,47
6180,5
6181,19
6182,0
6183,6
6184,0
6185,16
6186,8787
6187,0
6188,12
6189,40
6190,6
6191,14
6192,31
6193,32
6194,2
6195,157
6196,107
6197,0
6198,6
6199,0
6200,0
6201,0
6202,21
6203,17
6204,38
6205,91
6206,7
6207,55
6208,10
6209,4
6210,14
6211,15
6212,1
6213,16
6214,34
6215,34
6216,1
6217,18
6218,341
6219,6
6220,6
6221,0
6222,2
6223,0
6224,65
6225,29
6226,0
6227,9
6228,413
6229,2
6230,1
6231,14
6232,0
6233,1
6234,3422
6235,4524
6236,5
6237,1810
6238,0
6239,12
6240,5
6241,2
6242,119
6243,10
6244,17
6245,5
6246,7
6247,11
6248,0
6249,15
6250,8
6251,118
6252,11
6253,8
6254,6
6255,8
6256,6
6257,5
6258,13
6259,16
6260,2
6261,11
6262,2
6263,59
6264,5
6265,11
6266,100
6267,61
6268,6
6269,7
6270,12
6271,4
6272,10
6273,29
6274,11
6275,7
6276,6
6277,13
6278,14
6279,8783
6280,1
6281,20
6282,5507
6283,3
6284,39
6285,329
6286,5
6287,9
6288,12
6289,12
6290,0
6291,0
6292,18
6293,3
6294,3
6295,0
6296,20
6297,23
6298,5
6299,7
6300,3
6301,43
6302,3
6303,0
6304,13
6305,0
6306,495
6307,12
6308,65
6309,3
6310,0
6311,128
6312,6
6313,27
6314,6
6315,5
6316,863
6317,16
6318,23
6319,0
6320,2
6321,28
6322,9
6323,32
6324,5988
6325,4
6326,0
6327,0
6328,21
6329,23
6330,0
6331,0
6332,38
6333,8
6334,57
6335,49
6336,6
6337,14
6338,132
6339,0
6340,5
6341,89
6342,7
6343,34
6344,165
6345,228
6346,6
6347,8
6348,18
6349,42
6350,21
6351,8
6352,9
6353,0
6354,0
6355,10
6356,5
6357,57
6358,15
6359,470
6360,5
6361,0
6362,5
6363,6
6364,19
6365,11
6366,0
6367,0
6368,17
6369,0
6370,14
6371,23
6372,6
6373,21
6374,36
6375,3
6376,10
6377,18
6378,5
6379,1425
6380,97
6381,6
6382,0
6383,5
6384,0
6385,37
6386,6
6387,56
6388,381
6389,0
6390,83
6391,38
6392,17
6393,624
6394,3
6395,13
6396,11
6397,0
6398,12
6399,5
6400,11
6401,0
6402,28
6403,0
6404,0
6405,14
6406,49
6407,9
6408,1
6409,6
6410,0
6411,42
6412,0
6413,397
6414,12
6415,52
6416,5
6417,4
6418,141
6419,12
6420,1420
6421,12
6422,0
6423,6
6424,7
6425,11
6426,6
6427,8
6428,9
6429,0
6430,16
6431,5
6432,11
6433,217
6434,11
6435,12914
6436,23
6437,7
6438,5
6439,0
6440,4
6441,0
6442,17
6443,5
6444,141
6445,10
6446,15
6447,2
6448,21
6449,17
6450,5
6451,7
6452,7
6453,6
6454,67
6455,0
6456,5
6457,5
6458,0
6459,17
6460,9
6461,0
6462,41
6463,5519
6464,10
6465,3
6466,2
6467,3
6468,0
6469,7
6470,0
6471,6
6472,7
6473,848
6474,33
6475,0
6476,59
6477,35
6478,2
6479,1
6480,371
6481,2
6482,4
6483,16
6484,13
6485,3
6486,11
6487,62
6488,14
6489,0
6490,1046
6491,5582
6492,0
6493,970
6494,7
6495,8
6496,0
6497,4
6498,11
6499,85
6500,107
6501,11
6502,1
6503,8
6504,792
6505,1
6506,15
6507,6
6508,49
6509,1
6510,68
6511,0
6512,10
6513,2
6514,63
6515,3
6516,3
6517,1
6518,9
6519,12
6520,48
6521,11
6522,97
6523,19
6524,18
6525,4
6526,0
6527,631
6528,0
6529,17
6530,1
6531,9
6532,0
6533,42
6534,94
6535,17
6536,4
6537,0
6538,30
6539,48
6540,5
6541,2
6542,7
6543,57
6544,63
6545,1495
6546,0
6547,21
6548,16
6549,31
6550,0
6551,2
6552,15
6553,29
6554,11
6555,5
6556,0
6557,9
6558,34
6559,0
6560,13
6561,14
6562,7
6563,75
6564,18
6565,1
6566,1
6567,724
6568,2
6569,13
6570,4
6571,6
6572,44
6573,7
6574,4
6575,16
6576,4
6577,10
6578,16
6579,348
6580,3
6581,2
6582,23
6583,525
6584,9
6585,479
6586,11
6587,0
6588,0
6589,2
6590,0
6591,4
6592,13
6593,8
6594,16
6595,10
6596,12
6597,7
6598,1
6599,6
6600,6
6601,7
6602,46
6603,8
6604,12
6605,5
6606,0
6607,5662
6608,27
6609,4
6610,26
6611,33
6612,840
6613,18
6614,15
6615,64
6616,5526
6617,37
6618,6
6619,6
6620,65
6621,6
6622,8
6623,5
6624,0
6625,7
6626,30
6627,5
6628,1
6629,0
6630,5
6631,75
6632,84
6633,2
6634,4
6635,30
6636,0
6637,94
6638,39
6639,3
6640,2
6641,15
6642,27
6643,26
6644,0
6645,13
6646,10
6647,6
6648,9
6649,229
6650,22
6651,0
6652,12
6653,14
6654,5
6655,14
6656,0
6657,13
6658,0
6659,14
6660,5
6661,5
6662,80
6663,10
6664,1
6665,0
6666,10
6667,1813
6668,5
6669,8
6670,12
6671,7
6672,50
6673,8
6674,13
6675,6
6676,0
6677,16
6678,7
6679,18
6680,13
6681,55
6682,9
6683,136
6684,9
6685,2
6686,40
6687,0
6688,4
6689,0
6690,21
6691,9
6692,6
6693,6
6694,79
6695,8
6696,23
6697,8
6698,28
6699,12
6700,6
6701,95
6702,3
6703,11
6704,6
6705,14
6706,4
6707,710
6708,11
6709,0
6710,4
6711,22
6712,9
6713,13
6714,20
6715,9
6716,3
6717,11
6718,352
6719,46
6720,3
6721,12
6722,161
6723,6
6724,79
6725,24
6726,15
6727,19
6728,61
6729,5
6730,6
6731,14
6732,23
6733,0
6734,18
6735,4
6736,4
6737,506
6738,0
6739,5
6740,333
6741,7
6742,2
6743,49
6744,0
6745,19
6746,11
6747,15
6748,919
6749,10
6750,2
6751,62
6752,859
6753,1
6754,17
6755,9
6756,0
6757,9
6758,47
6759,3
6760,29
6761,9
6762,7
6763,52
6764,0
6765,6061
6766,10
6767,3
6768,6
6769,0
6770,23
6771,11
6772,4
6773,7
6774,10
6775,4
6776,10
6777,23
6778,5
6779,6
6780,0
6781,10
6782,209
6783,27
6784,10
6785,0
6786,24
6787,10
6788,18
6789,24
6790,6
6791,0
6792,12
6793,15
6794,13
6795,5
6796,21
6797,3
6798,134
6799,17
6800,12
6801,17
6802,9
6803,6
6804,10
6805,6
6806,770
6807,13
6808,24
6809,14
6810,6
6811,35
6812,2
6813,0
6814,17
6815,99
6816,15
6817,0
6818,24
6819,148
6820,6
6821,82
6822,3
6823,5
6824,0
6825,126
6826,2
6827,2
6828,1
6829,5342
6830,12
6831,35
6832,856
6833,21
6834,20
6835,2
6836,8
6837,8
6838,4
6839,101
6840,0
6841,8
6842,6
6843,11
6844,3
6845,14
6846,30
6847,21
6848,600
6849,0
6850,49
6851,8
6852,8
6853,0
6854,6
6855,6
6856,0
6857,9
6858,3
6859,37
6860,5
6861,2
6862,4706
6863,2536
6864,15
6865,2
6866,8
6867,307
6868,11
6869,11
6870,0
6871,18
6872,7
6873,1
6874,0
6875,36
6876,12
6877,531
6878,57
6879,18
6880,10
6881,21
6882,22
6883,75
6884,12
6885,1
6886,0
6887,39
6888,23
6889,2
6890,0
6891,0
6892,46
6893,0
6894,12
6895,29
6896,24
6897,8
6898,18
6899,42
6900,323
6901,2
6902,16
6903,9
6904,10
6905,39
6906,34
6907,9
6908,0
6909,10
6910,1
6911,57
6912,11
6913,5
6914,4
6915,4
6916,9
6917,6
6918,24
6919,13
6920,24
6921,14
6922,16
6923,25
6924,16
6925,0
6926,3
6927,6
6928,5
6929,12
6930,3682
6931,52
6932,7
6933,12
6934,5
6935,174
6936,21
6937,739
6938,0
6939,33
6940,58
6941,12927
6942,6
6943,33
6944,0
6945,7
6946,8
6947,0
6948,51
6949,15
6950,0
6951,21
6952,8
6953,28
6954,6
6955,5937
6956,6
6957,31
6958,40
6959,5
6960,14
6961,16
6962,3
6963,2
6964,0
6965,0
6966,11
6967,21
6968,15
6969,0
6970,5
6971,27
6972,0
6973,19
6974,19
6975,19
6976,4
6977,9
6978,55
6979,1599
6980,112
6981,7
6982,3
6983,9
6984,641
6985,4
6986,108
6987,22
6988,281
6989,22
6990,4
6991,5
6992,2
6993,4
6994,0
6995,69
6996,5
6997,286
6998,6
6999,11
7000,47
7001,5
7002,10
7003,13
7004,11
7005,16
7006,14
7007,1
7008,18
7009,0
7010,5
7011,6
7012,1
7013,6
7014,37
7015,1
7016,5
7017,10
7018,426
7019,0
7020,59
7021,16
7022,15
7023,1
7024,6
7025,4
7026,11
7027,37
7028,19
7029,6
7030,11
7031,86
7032,16
7033,0
7034,12
7035,4
7036,0
7037,1
7038,239
7039,4
7040,15
7041,37
7042,16
7043,0
7044,5
7045,3
7046,11
7047,4
7048,0
7049,35
7050,10
7051,487
7052,5
7053,1
7054,0
7055,67
7056,86
7057,7
7058,1
7059,7
7060,6
7061,611
7062,7
7063,162
7064,10
7065,15
7066,4
7067,217
7068,107
7069,11
7070,3
7071,8
7072,11
7073,15
7074,34
7075,0
7076,0
7077,11
7078,0
7079,22
7080,29
7081,4
7082,9
7083,5
7084,219
7085,26
7086,0
7087,0
7088,2
7089,4
7090,6
7091,67
7092,29
7093,772
7094,332
7095,14
7096,11
7097,3
7098,174
7099,0
7100,17
7101,13
7102,4
7103,16
7104,2
7105,5
7106,20
7107,0
7108,14
7109,10
7110,0
7111,23
7112,23
7113,7269
7114,41
7115,29
7116,7
7117,77
7118,1
7119,1
7120,8
7121,29
7122,16
7123,6
7124,9
7125,14
7126,26
7127,8
7128,8
7129,26
7130,78
7131,9
7132,10
7133,6
7134,3
7135,10
7136,1
7137,56
7138,10
7139,4
7140,291
7141,1
7142,0
7143,16
7144,39
7145,24
7146,16
7147,5
7148,2
7149,295
7150,6
7151,4
7152,0
7153,63
7154,0
7155,5
7156,1
7157,0
7158,9
7159,6
7160,0
7161,20
7162,9
7163,5311
7164,629
7165,15
7166,12
7167,85
7168,4
7169,0
7170,41
7171,0
7172,12
7173,495
7174,0
7175,43
7176,26
7177,20
7178,0
7179,3
7180,6
7181,9
7182,109
7183,9
7184,6
7185,3
7186,10
7187,0
7188,41
7189,1
7190,4
7191,21
7192,5
7193,888
7194,26
7195,2
7196,0
7197,9
7198,2
7199,13
7200,2
7201,15
7202,11
7203,12834
7204,45
7205,6
7206,13
7207,2
7208,61
7209,9
7210,48
7211,29
7212,3
7213,0
7214,37
7215,40
7216,5
7217,12
7218,5
7219,25
7220,45
7221,20
7222,0
7223,173
7224,26
7225,35
7226,13
7227,9
7228,487
7229,4
7230,8
7231,20
7232,59
7233,5
7234,10
7235,7
7236,13
7237,25
7238,7
7239,2
7240,2
7241,18
7242,24
7243,5
7244,19
7245,43
7246,4
7247,0
7248,0
7249,2859
7250,5
7251,7
7252,23
7253,0
7254,1008
7255,12
7256,8
7257,885
7258,2
7259,110
7260,9
7261,51
7262,15
7263,15
7264,32
7265,41
7266,6
7267,2
7268,8
7269,22
7270,159
7271,8
7272,3
7273,410
7274,9
7275,0
7276,5
7277,0
7278,46
7279,3
7280,2
7281,0
7282,9
7283,69
7284,0
7285,4
7286,1
7287,0
7288,45
7289,4
7290,29
7291,0
7292,5
7293,6
7294,131
7295,4
7296,0
7297,0
7298,10
7299,11
7300,28
7301,687
7302,43
7303,10
7304,160
7305,5
7306,29
7307,40
7308,16
7309,6
7310,14
7311,868
7312,2325
7313,8
7314,210
7315,3
7316,4
7317,59
7318,11
7319,0
7320,5
7321,0
7322,19
7323,23
7324,9
7325,18
7326,14
7327,98
7328,2
7329,553
7330,10
